{
  "kind": "logistic",
  "features": [
    "rvol5",
    "rvol10",
    "rvol20",
    "trend5",
    "trend10",
    "gap",
    "abs_gap",
    "credit",
    "credit_over_rvol",
    "dte",
    "dow"
  ],
  "mean": [
    0.0067141686243299475,
    0.007404575564675904,
    0.007785577380824241,
    -0.00048549155749673015,
    -0.00044571237276894545,
    -1.870338910930346e-05,
    0.0034325683035524835,
    85.28055727554177,
    13846.65516313602,
    2.7151702786377707,
    2.0061919504643964
  ],
  "std": [
    0.004127759793066359,
    0.0036896202820750654,
    0.0031487706306105047,
    0.018460216235350903,
    0.02646825394626335,
    0.005707233121150821,
    0.004559641933021926,
    79.07731174304537,
    12471.324276931588,
    2.250418375711957,
    1.4402309069458978
  ],
  "coef": [
    0.08629713257902734,
    -0.059095451923914244,
    -0.0003030698636510657,
    -0.10347623726627628,
    0.10372028238004787,
    0.11568286787935439,
    -0.16751821155629407,
    0.06708319362195125,
    0.03919071980367625,
    -0.40974522443561723,
    -0.004041609225477315
  ],
  "intercept": 0.7416442139282297,
  "threshold": 0.5,
  "trained_on": {
    "days": 323,
    "through": "2026-03-24",
    "slippage_per_leg": 0.5,
    "C": 0.1,
    "positive_rate": 0.6718266253869969
  },
  "note": "Frozen gate for forward testing only. docs/19 found NO ML edge in history; this exists so the question can be re-asked on data that did not exist at training time. Inference is pure stdlib."
}
